Symbol,Name,Sector,Location,CIK,Founded
MMM,3M Company,Industrials,"St. Paul, Minnesota",0000066740,"1902
"
AOS,A.O. Smith Corp,Industrials,"Milwaukee, Wisconsin","0000091142
","1916
"
ABT,Abbott Laboratories,Health Care,"North Chicago, Illinois",0000001800,"1888
"
ABBV,AbbVie Inc.,Health Care,"North Chicago, Illinois",0001551152,"2013 (1888)
"
ABMD,ABIOMED Inc,Health Care,"Danvers, Massachusetts",0000815094,"1981
"
ACN,Accenture plc,Information Technology,"Dublin, Ireland",0001467373,"1989
"
ATVI,Activision Blizzard,Information Technology,"Santa Monica, California",0000718877,"2008
"
ADBE,Adobe Systems Inc,Information Technology,"San Jose, California",0000796343,"1982
"
AAP,Advance Auto Parts,Consumer Discretionary,"Roanoke, Virginia",0001158449,"1932
"
AMD,Advanced Micro Devices Inc,Information Technology,"Sunnyvale, California",0000002488,"1969
"
AES,AES Corp,Utilities,"Arlington, Virginia",0000874761,"1981
"
AET,Aetna Inc,Health Care,"Hartford, Connecticut",0001122304,"1810
"
AMG,Affiliated Managers Group Inc,Financials,"Beverly, Massachusetts","0001004434
","1993
"
AFL,AFLAC Inc,Financials,"Columbus, Georgia",0000004977,"1955
"
A,Agilent Technologies Inc,Health Care,"Santa Clara, California",0001090872,"1999
"
APD,Air Products & Chemicals Inc,Materials,"Allentown, Pennsylvania",0000002969,"1940
"
AKAM,Akamai Technologies Inc,Information Technology,"Cambridge, Massachusetts",0001086222,"1998
"
ALK,Alaska Air Group Inc,Industrials,"Seattle, Washington",0000766421,"1985
"
ALB,Albemarle Corp,Materials,"Baton Rouge, Louisiana",0000915913,"1994
"
ARE,Alexandria Real Estate Equities Inc,Real Estate,"Pasadena, California",0001035443,"1994
"
ALXN,Alexion Pharmaceuticals,Health Care,"Cheshire, Connecticut","0000899866
","1992
"
ALGN,Align Technology,Health Care,"San Jose, California",0001097149,"1997
"
ALLE,Allegion,Industrials,"Dublin, Ireland","0001579241
","1908
"
AGN,"Allergan, Plc",Health Care,"Dublin, Ireland","0001578845
","1983
"
ADS,Alliance Data Systems,Information Technology,"Plano, Texas","0001101215
","1996
"
LNT,Alliant Energy Corp,Utilities,"Madison, Wisconsin","0000352541
","1917
"
ALL,Allstate Corp,Financials,"Northfield Township, Illinois","0000899051
","1931
"
GOOGL,Alphabet Inc Class A,Information Technology,"Mountain View, California","0001652044
","1998
"
GOOG,Alphabet Inc Class C,Information Technology,"Mountain View, California","0001652044
","1998
"
MO,Altria Group Inc,Consumer Staples,"Richmond, Virginia",0000764180,"1985
"
AMZN,Amazon.com Inc.,Consumer Discretionary,"Seattle, Washington","0001018724
","1994
"
AEE,Ameren Corp,Utilities,"St. Louis, Missouri","0001002910
","1902
"
AAL,American Airlines Group,Industrials,"Fort Worth, Texas","0000006201
","1934
"
AEP,American Electric Power,Utilities,"Columbus, Ohio",0000004904,"1906
"
AXP,American Express Co,Financials,"New York, New York","0000004962
","1850
"
AIG,"American International Group, Inc.",Financials,"New York, New York","0000005272
","1919
"
AMT,American Tower Corp A,Real Estate,"Boston, Massachusetts","0001053507
","
"
AWK,American Water Works Company Inc,Utilities,"Voorhees, New Jersey","0001410636
","1886
"
AMP,Ameriprise Financial,Financials,"Minneapolis, Minnesota","0000820027
","1894
"
ABC,AmerisourceBergen Corp,Health Care,"Chesterbrook, Pennsylvania","0001140859
","1985
"
AME,AMETEK Inc.,Industrials,"Berwyn, Pennsylvania","0001037868
","1930
"
AMGN,Amgen Inc.,Health Care,"Thousand Oaks, California","0000318154
","1980
"
APH,Amphenol Corp,Information Technology,"Wallingford, Connecticut","0000820313
","1932
"
APC,Anadarko Petroleum Corp,Energy,"The Woodlands, Texas","0000773910
","1959
"
ADI,"Analog Devices, Inc.",Information Technology,"Norwood, Massachusetts","0000006281
","1965
"
ANDV,Andeavor,Energy,"San Antonio, Texas","0000050104
","1968
"
ANSS,ANSYS,Information Technology,"Canonsburg, Pennsylvania","0001013462
","1969
"
ANTM,Anthem Inc.,Health Care,"Indianapolis, Indiana","0001156039
","
"
AON,Aon plc,Financials,,"0000315293
","1982 (1919)
"
APA,Apache Corporation,Energy,"Houston, Texas","0000006769
","1954
"
AIV,Apartment Investment & Management,Real Estate,"Denver, Colorado","0000922864
","
"
AAPL,Apple Inc.,Information Technology,"Cupertino, California","0000320193
","
"
AMAT,Applied Materials Inc.,Information Technology,"Santa Clara, California","0000006951
","
"
APTV,Aptiv Plc,Consumer Discretionary,,"0001521332
","
"
ADM,Archer-Daniels-Midland Co,Consumer Staples,"Decatur, Illinois","0000007084
","
"
ARNC,Arconic Inc.,Industrials,"New York, New York",0000004281,"2016
"
AJG,Arthur J. Gallagher & Co.,Financials,"Itasca, Illinois","0000354190
","
"
AIZ,Assurant Inc.,Financials,"New York, New York","0001267238
","
"
T,AT&T Inc.,Telecommunication Services,"Dallas, Texas","0000732717
","
"
ADSK,Autodesk Inc.,Information Technology,"San Rafael, California","0000769397
","
"
ADP,Automatic Data Processing,Information Technology,"Roseland, New Jersey","0000008670
","
"
AZO,AutoZone Inc,Consumer Discretionary,"Memphis, Tennessee","0000866787
","
"
AVB,"AvalonBay Communities, Inc.",Real Estate,,"0000915912
","
"
AVY,Avery Dennison Corp,Materials,"Glendale, California","0000008818
","
"
BHGE,"Baker Hughes, a GE Company",Energy,"Houston, Texas",0001701605,"2017
"
BLL,Ball Corp,Materials,"Broomfield, Colorado","0000009389
","
"
BAC,Bank of America Corp,Financials,"Charlotte, North Carolina","0000070858
","
"
BAX,Baxter International Inc.,Health Care,"Deerfield, Illinois",0000010456,"1931
"
BBT,BB&T Corporation,Financials,"Winston-Salem, North Carolina","0000092230
","
"
BDX,Becton Dickinson,Health Care,"Franklin Lakes, New Jersey",0000010795,"1897
"
BRK.B,Berkshire Hathaway,Financials,"Omaha, Nebraska","0001067983
","
"
BBY,Best Buy Co. Inc.,Consumer Discretionary,"Richfield, Minnesota","0000764478
","
"
BIIB,Biogen Inc.,Health Care,"Weston, Massachusetts","0000875045
","
"
BLK,BlackRock,Financials,"New York, New York","0001364742
","
"
HRB,Block H&R,Financials,"Kansas City, Missouri","0000012659
","
"
BA,Boeing Company,Industrials,"Chicago, Illinois",0000012927,"1916
"
BKNG,Booking Holdings Inc,Consumer Discretionary,"Norwalk, Connecticut","0001075531
","
"
BWA,BorgWarner,Consumer Discretionary,"Auburn Hills, Michigan","0000908255
","
"
BXP,Boston Properties,Real Estate,"Boston, Massachusetts","0001037540
","
"
BSX,Boston Scientific,Health Care,,"0000885725
","
"
BHF,Brighthouse Financial Inc,Financials,"Charlotte, North Carolina","0001685040
","
"
BMY,Bristol-Myers Squibb,Health Care,"New York, New York",0000014272,"1989
"
AVGO,Broadcom,Information Technology,"San Jose, California","0001441634
","
"
BR,Broadridge Financial Solutions,Information Technology,"Lake Success, New York",0001383312,"1962
"
BF.B,Brown-Forman Corp.,Consumer Staples,"Louisville, Kentucky","0000014693
","
"
CHRW,C. H. Robinson Worldwide,Industrials,"Eden Prairie, Minnesota","0001043277
","
"
CA,"CA, Inc.",Information Technology,"Islandia, New York","0000356028
","
"
COG,Cabot Oil & Gas,Energy,"Houston, Texas","0000858470
","
"
CDNS,Cadence Design Systems,Information Technology,"San Jose, California","0000813672
","
"
CPB,Campbell Soup,Consumer Staples,"Camden, New Jersey",0000016732,"1869
"
COF,Capital One Financial,Financials,"Tysons Corner, Virginia",0000927628,"1935
"
CAH,Cardinal Health Inc.,Health Care,"Dublin, Ohio","0000721371
","
"
KMX,Carmax Inc,Consumer Discretionary,"Richmond, Virginia","0001170010
","
"
CCL,Carnival Corp.,Consumer Discretionary,"Miami, Florida","0000815097
","
"
CAT,Caterpillar Inc.,Industrials,"Peoria, Illinois",0000018230,"1925
"
CBOE,Cboe Global Markets,Financials,"Chicago, Illinois","0001374310
","
"
CBRE,CBRE Group,Real Estate,"Los Angeles, California","0001138118
","
"
CBS,CBS Corp.,Consumer Discretionary,"New York, New York","0000813828
","
"
CELG,Celgene Corp.,Health Care,"Summit, New Jersey","0000816284
","
"
CNC,Centene Corporation,Health Care,"St Louis, Missouri","0001071739
","
"
CNP,CenterPoint Energy,Utilities,"Houston, Texas","0001130310
","
"
CTL,CenturyLink Inc,Telecommunication Services,"Monroe, Louisiana","0000018926
","
"
CERN,Cerner,Health Care,"North Kansas City, Missouri","0000804753
","
"
CF,CF Industries Holdings Inc,Materials,"Deerfield, Illinois","0001324404
","
"
SCHW,Charles Schwab Corporation,Financials,"San Francisco, California","0000316709
","
"
CHTR,Charter Communications,Consumer Discretionary,"Stamford, Connecticut","0001091667
","
"
CVX,Chevron Corp.,Energy,"San Ramon, California",0000093410,"1879
"
CMG,Chipotle Mexican Grill,Consumer Discretionary,"Denver, Colorado","0001058090
","
"
CB,Chubb Limited,Financials,"Zurich, Switzerland","0000896159
","
"
CHD,Church & Dwight,Consumer Staples,"Ewing, New Jersey","0000313927
","
"
CI,CIGNA Corp.,Health Care,"Bloomfield, Connecticut","0000701221
","
"
XEC,Cimarex Energy,Energy,"Denver, Colorado","0001168054
","
"
CINF,Cincinnati Financial,Financials,"Fairfield, Ohio","0000020286
","
"
CTAS,Cintas Corporation,Industrials,"Mason, Ohio","0000723254
","
"
CSCO,Cisco Systems,Information Technology,"San Jose, California","0000858877
","
"
C,Citigroup Inc.,Financials,"New York, New York","0000831001
","
"
CFG,Citizens Financial Group,Financials,"Providence, Rhode Island","0000759944
","
"
CTXS,Citrix Systems,Information Technology,"Fort Lauderdale, Florida","0000877890
","
"
CME,CME Group Inc.,Financials,"Chicago, Illinois","0001156375
","
"
CMS,CMS Energy,Utilities,"Jackson, Michigan","0000811156
","
"
KO,Coca-Cola Company (The),Consumer Staples,"Atlanta, Georgia",0000021344,"1886
"
CTSH,Cognizant Technology Solutions,Information Technology,"Teaneck, New Jersey","0001058290
","
"
CL,Colgate-Palmolive,Consumer Staples,"New York, New York",0000021665,"1806
"
CMCSA,Comcast Corp.,Consumer Discretionary,"Philadelphia, Pennsylvania","0001166691
","
"
CMA,Comerica Inc.,Financials,"Dallas, Texas","0000028412
","
"
CAG,Conagra Brands,Consumer Staples,"Chicago, Illinois","0000023217
","
"
CXO,Concho Resources,Energy,"Midland, Texas","0001358071
","
"
COP,ConocoPhillips,Energy,"Houston, Texas",0001163165,"2002
"
ED,Consolidated Edison,Utilities,"New York, New York",0001047862,"1823
"
STZ,Constellation Brands,Consumer Staples,"Victor, New York","0000016918
","
"
CPRT,Copart Inc,Industrials,"Dallas, Texas","0000900075
","
"
GLW,Corning Inc.,Information Technology,"Corning, New York",0000024741,"1851
"
COST,Costco Wholesale Corp.,Consumer Staples,"Issaquah, Washington","0000909832
","
"
COTY,"Coty, Inc",Consumer Staples,"New York, New York","0001024305
","
"
CCI,Crown Castle International Corp.,Real Estate,"Houston, Texas","0001051470
","
"
CSX,CSX Corp.,Industrials,"Jacksonville, Florida",0000277948,"1980
"
CMI,Cummins Inc.,Industrials,"Columbus, Indiana",0000026172,"1919
"
CVS,CVS Health,Consumer Staples,"Woonsocket, Rhode Island",0000064803,"1996
"
DHI,D. R. Horton,Consumer Discretionary,"Fort Worth, Texas",0000882184,"1978
"
DHR,Danaher Corp.,Health Care,"Washington, D.C.",0000313616,"1969
"
DRI,Darden Restaurants,Consumer Discretionary,"Orlando, Florida",0000940944,"1938
"
DVA,DaVita Inc.,Health Care,"Denver, Colorado","0000927066
","
"
DE,Deere & Co.,Industrials,"Moline, Illinois",0000315189,"1837
"
DAL,Delta Air Lines Inc.,Industrials,"Atlanta, Georgia","0000027904
","
"
XRAY,Dentsply Sirona,Health Care,"York, Pennsylvania","0000818479
","
"
DVN,Devon Energy Corp.,Energy,"Oklahoma City, Oklahoma","0001090012
","
"
DLR,Digital Realty Trust Inc,Real Estate,"San Francisco, California","0001297996
","
"
DFS,Discover Financial Services,Financials,"Riverwoods, Illinois","0001393612
","
"
DISCA,Discovery Inc. Class A,Consumer Discretionary,"Silver Spring, Maryland","0001437107
","
"
DISCK,Discovery Inc. Class C,Consumer Discretionary,"Silver Spring, Maryland","0001437107
","
"
DISH,Dish Network,Consumer Discretionary,"Meridian, Colorado","0001001082
","
"
DG,Dollar General,Consumer Discretionary,"Goodlettsville, Tennessee","0000029534
","
"
DLTR,Dollar Tree,Consumer Discretionary,"Chesapeake, Virginia","0000935703
","
"
D,Dominion Energy,Utilities,"Richmond, Virginia",0000715957,"1983
"
DOV,Dover Corp.,Industrials,"Downers Grove, Illinois","0000029905
","
"
DWDP,DowDuPont,Materials,"Midland, Michigan",0001666700,"2017
"
DTE,DTE Energy Co.,Utilities,"Detroit, Michigan",0000936340,"1995
"
DUK,Duke Energy,Utilities,"Charlotte, North Carolina","0001326160
","
"
DRE,Duke Realty Corp,Real Estate,"Indianapolis, Indiana","0000783280
","
"
DXC,DXC Technology,Information Technology,"Tysons Corner, Virginia","0001688568
","
"
ETFC,E*Trade,Financials,"New York, New York","0001015780
","
"
EMN,Eastman Chemical,Materials,"Kingsport, Tennessee","0000915389
","
"
ETN,Eaton Corporation,Industrials,"Dublin, Ireland",0001551182,"1911
"
EBAY,eBay Inc.,Information Technology,"San Jose, California",0001065088,"1995
"
ECL,Ecolab Inc.,Materials,"St. Paul, Minnesota","0000031462
","
"
EIX,Edison Int'l,Utilities,"Rosemead, California",0000827052,"1886
"
EW,Edwards Lifesciences,Health Care,"Irvine, California","0001099800
","
"
EA,Electronic Arts,Information Technology,"Redwood City, California","0000712515
","
"
EMR,Emerson Electric Company,Industrials,"Ferguson, Missouri",0000032604,"1890
"
ETR,Entergy Corp.,Utilities,"New Orleans, Louisiana",0000065984,"1913
"
EVHC,Envision Healthcare,Health Care,"Nashville, Tennessee","0000895930
","
"
EOG,EOG Resources,Energy,"Houston, Texas","0000821189
","
"
EQT,EQT Corporation,Energy,"Pittsburgh, Pennsylvania","0000033213
","
"
EFX,Equifax Inc.,Industrials,"Atlanta, Georgia","0000033185
","
"
EQIX,Equinix,Real Estate,"Redwood City, California","0001101239
","
"
EQR,Equity Residential,Real Estate,"Chicago, Illinois","0000906107
","
"
ESS,"Essex Property Trust, Inc.",Real Estate,"Palo Alto, California","0000920522
","
"
EL,Estee Lauder Cos.,Consumer Staples,"New York, New York","0001001250
","
"
RE,Everest Re Group Ltd.,Financials,"Hamilton, Bermuda","0001095073
","
"
EVRG,Evergy,Utilities,"Kansas City, Missouri",0001711269,"1909
"
ES,Eversource Energy,Utilities,"Springfield, Massachusetts",0000072741,"1966
"
EXC,Exelon Corp.,Utilities,"Chicago, Illinois",0001109357,"2000
"
EXPE,Expedia Inc.,Consumer Discretionary,"Bellevue, Washington","0001324424
","
"
EXPD,Expeditors International,Industrials,"Seattle, Washington","0000746515
","
"
ESRX,Express Scripts,Health Care,"Cool Valley, Missouri","0001532063
","
"
EXR,Extra Space Storage,Real Estate,"Salt Lake City, Utah","0001289490
","
"
XOM,Exxon Mobil Corp.,Energy,"Irving, Texas",0000034088,"1999
"
FFIV,F5 Networks,Information Technology,"Seattle, Washington",0001048695,"1996
"
FB,"Facebook, Inc.",Information Technology,"Menlo Park, California","0001326801
","
"
FAST,Fastenal Co,Industrials,"Winona, Minnesota","0000815556
","
"
FRT,Federal Realty Investment Trust,Real Estate,"Rockville, Maryland","0000034903
","
"
FDX,FedEx Corporation,Industrials,"Memphis, Tennessee","0001048911
","
"
FIS,Fidelity National Information Services,Information Technology,"Jacksonville, Florida","0001136893
","
"
FITB,Fifth Third Bancorp,Financials,"Cincinnati, Ohio",0000035527,"1858
"
FE,FirstEnergy Corp,Utilities,"Akron, Ohio",0001031296,"1997
"
FISV,Fiserv Inc,Information Technology,"Brookfield, Wisconsin","0000798354
","
"
FLT,FleetCor Technologies Inc,Information Technology,"Norcross, Georgia",0001175454,"2000
"
FLIR,FLIR Systems,Information Technology,"Wilsonville, Oregon","0000354908
","
"
FLS,Flowserve Corporation,Industrials,"Irving, Texas","0000030625
","
"
FLR,Fluor Corp.,Industrials,"Irving, Texas","0001124198
","
"
FMC,FMC Corporation,Materials,"Philadelphia, Pennsylvania","0000037785
","
"
FL,Foot Locker Inc,Consumer Discretionary,"New York, New York","0000850209
","
"
F,Ford Motor,Consumer Discretionary,"Dearborn, Michigan",0000037996,"1903
"
FTV,Fortive Corp,Industrials,"Everett, Washington","0001659166
","
"
FBHS,Fortune Brands Home & Security,Industrials,"Deerfield, Illinois","0001519751
","
"
BEN,Franklin Resources,Financials,"San Mateo, California",0000038777,"1947
"
FCX,Freeport-McMoRan Inc.,Materials,"Phoenix, Arizona",0000831259,"1912
"
GPS,Gap Inc.,Consumer Discretionary,"San Francisco, California","0000039911
","
"
GRMN,Garmin Ltd.,Consumer Discretionary,"Schaffhausen, Switzerland","0001121788
","
"
IT,Gartner Inc,Information Technology,"Stamford, Connecticut","0000749251
","
"
GD,General Dynamics,Industrials,"Falls Church, Virginia",0000040533,"1899
"
GE,General Electric,Industrials,"Boston, Massachusetts",0000040545,"1892
"
GGP,General Growth Properties Inc.,Real Estate,"Chicago, Illinois","0001496048
","
"
GIS,General Mills,Consumer Staples,"Golden Valley, Minnesota",0000040704,"1856
"
GM,General Motors,Consumer Discretionary,"Detroit, Michigan","0001467858
","
"
GPC,Genuine Parts,Consumer Discretionary,"Atlanta, Georgia",0000040987,"1925
"
GILD,Gilead Sciences,Health Care,"Foster City, California","0000882095
","
"
GPN,Global Payments Inc.,Information Technology,"Atlanta, Georgia","0001123360
","
"
GS,Goldman Sachs Group,Financials,"New York, New York","0000886982
","
"
GT,Goodyear Tire & Rubber,Consumer Discretionary,"Akron, Ohio",0000042582,"1898
"
GWW,Grainger (W.W.) Inc.,Industrials,"Lake Forest, Illinois","0000277135
","
"
HAL,Halliburton Co.,Energy,"Houston, Texas",0000045012,"1919
"
HBI,Hanesbrands Inc,Consumer Discretionary,"Winston-Salem, North Carolina","0001359841
","
"
HOG,Harley-Davidson,Consumer Discretionary,"Milwaukee, Wisconsin",0000793952,"1903
"
HRS,Harris Corporation,Information Technology,"Melbourne, Florida","0000202058
","
"
HIG,Hartford Financial Svc.Gp.,Financials,"Hartford, Connecticut","0000874766
","
"
HAS,Hasbro Inc.,Consumer Discretionary,"Pawtucket, Rhode Island","0000046080
","
"
HCA,HCA Holdings,Health Care,"Nashville, Tennessee","0000860730
","
"
HCP,HCP Inc.,Real Estate,"Long Beach, California","0000765880
","
"
HP,Helmerich & Payne,Energy,,"0000046765
","
"
HSIC,Henry Schein,Health Care,"Melville, New York","0001000228
","
"
HES,Hess Corporation,Energy,"New York, New York","0000004447
","
"
HPE,Hewlett Packard Enterprise,Information Technology,"Palo Alto, California","0001645590
","
"
HLT,Hilton Worldwide Holdings Inc,Consumer Discretionary,"Tysons Corner, Virginia","0001585689
","
"
HFC,HollyFrontier Corp,Energy,"Dallas, Texas","0000048039
","1947
"
HOLX,Hologic,Health Care,"Marlborough, Massachusetts","0000859737
","
"
HD,Home Depot,Consumer Discretionary,"Atlanta, Georgia","0000354950
","
"
HON,Honeywell Int'l Inc.,Industrials,"Morristown, New Jersey",0000773840,"1906
"
HRL,Hormel Foods Corp.,Consumer Staples,"Austin, Minnesota","0000048465
","
"
HST,Host Hotels & Resorts,Real Estate,"Bethesda, Maryland","0001070750
","
"
HPQ,HP Inc.,Information Technology,"Palo Alto, California",0000047217,"1939 (2015)
"
HUM,Humana Inc.,Health Care,"Louisville, Kentucky",0000049071,"1961
"
HBAN,Huntington Bancshares,Financials,"Columbus, Ohio",0000049196,"1866
"
HII,Huntington Ingalls Industries,Industrials,"Newport News, Virginia","0001501585
","
"
IDXX,IDEXX Laboratories,Health Care,"Westbrook, Maine","0000874716
","
"
INFO,IHS Markit Ltd.,Industrials,,"0001598014
","
"
ITW,Illinois Tool Works,Industrials,"Glenview, Illinois","0000049826
","
"
ILMN,Illumina Inc,Health Care,"San Diego, California","0001110803
","
"
INCY,Incyte,Health Care,"Wilmington, Delaware","0000879169
","
"
IR,Ingersoll-Rand PLC,Industrials,"Dublin, Ireland","0001466258
","
"
INTC,Intel Corp.,Information Technology,"Santa Clara, California","0000050863
","
"
ICE,Intercontinental Exchange,Financials,"Atlanta, Georgia","0001571949
","
"
IBM,International Business Machines,Information Technology,"Armonk, New York",0000051143,"1911
"
IP,International Paper,Materials,"Memphis, Tennessee",0000051434,"1898
"
IPG,Interpublic Group,Consumer Discretionary,"New York, New York","0000051644
","
"
IFF,Intl Flavors & Fragrances,Materials,"New York, New York","0000051253
","
"
INTU,Intuit Inc.,Information Technology,"Mountain View, California","0000896878
","
"
ISRG,Intuitive Surgical Inc.,Health Care,"Sunnyvale, California","0001035267
","
"
IVZ,Invesco Ltd.,Financials,"Atlanta, Georgia","0000914208
","
"
IPGP,IPG Photonics Corp.,Information Technology,"Oxford, Massachusetts","0001111928
","
"
IQV,IQVIA Holdings Inc.,Health Care,"Durham, North Carolina","0001478242
","
"
IRM,Iron Mountain Incorporated,Real Estate,"Boston, Massachusetts","0001020569
","
"
JBHT,J. B. Hunt Transport Services,Industrials,"Lowell, Arkansas","0000728535
","
"
JEC,Jacobs Engineering Group,Industrials,"Pasadena, California","0000052988
","
"
JEF,Jefferies Financial Group,Financials,"New York, New York","0000096223
","
"
SJM,JM Smucker,Consumer Staples,"Orrville, Ohio","0000091419
","
"
JNJ,Johnson & Johnson,Health Care,"New Brunswick, New Jersey",0000200406,"1886
"
JCI,Johnson Controls International,Industrials,"Cork, Ireland","0000833444
","
"
JPM,JPMorgan Chase & Co.,Financials,"New York, New York","0000019617
","
"
JNPR,Juniper Networks,Information Technology,"Sunnyvale, California",0001043604,"1996
"
KSU,Kansas City Southern,Industrials,"Kansas City, Missouri","0000054480
","
"
K,Kellogg Co.,Consumer Staples,"Battle Creek, Michigan",0000055067,"1906
"
KEY,KeyCorp,Financials,"Cleveland, Ohio","0000091576
","
"
KMB,Kimberly-Clark,Consumer Staples,"Irving, Texas",0000055785,"1872
"
KIM,Kimco Realty,Real Estate,"New Hyde Park, New York","0000879101
","
"
KMI,Kinder Morgan,Energy,"Houston, Texas","0001506307
","
"
KLAC,KLA-Tencor Corp.,Information Technology,"Milpitas, California",0000319201,"1975/1977 (1997)
"
KSS,Kohl's Corp.,Consumer Discretionary,"Menomonee Falls, Wisconsin",0000885639,"1962
"
KHC,Kraft Heinz Co,Consumer Staples,"Pittsburgh, Pennsylvania","0001637459
","
"
KR,Kroger Co.,Consumer Staples,"Cincinnati, Ohio",0000056873,"1883
"
LB,L Brands Inc.,Consumer Discretionary,"Columbus, Ohio","0000701985
","
"
LLL,L-3 Communications Holdings,Industrials,"New York, New York",0001056239,"1997
"
LH,Laboratory Corp. of America Holding,Health Care,"Burlington, North Carolina","0000920148
","
"
LRCX,Lam Research,Information Technology,"Fremont, California","0000707549
","
"
LEG,Leggett & Platt,Consumer Discretionary,"Carthage, Missouri",0000058492,"1883
"
LEN,Lennar Corp.,Consumer Discretionary,"Miami, Florida","0000920760
","
"
LLY,Lilly (Eli) & Co.,Health Care,"Indianapolis, Indiana",0000059478,"1876
"
LNC,Lincoln National,Financials,"Radnor, Pennsylvania","0000059558
","
"
LKQ,LKQ Corporation,Consumer Discretionary,"Chicago, Illinois","0001065696
","
"
LMT,Lockheed Martin Corp.,Industrials,"Bethesda, Maryland","0000936468
","
"
L,Loews Corp.,Financials,"New York, New York","0000060086
","
"
LOW,Lowe's Cos.,Consumer Discretionary,"Mooresville, North Carolina",0000060667,"1904/1946/1959
"
LYB,LyondellBasell,Materials,"Rotterdam, Netherlands","0001489393
","
"
MTB,M&T Bank Corp.,Financials,"Buffalo, New York",0000036270,"1856
"
MAC,Macerich,Real Estate,"Santa Monica, California","0000912242
","
"
M,Macy's Inc.,Consumer Discretionary,"Cincinnati, Ohio",0000794367,"1929
"
MRO,Marathon Oil Corp.,Energy,"Houston, Texas","0000101778
","
"
MPC,Marathon Petroleum,Energy,"Findlay, Ohio","0001510295
","
"
MAR,Marriott Int'l.,Consumer Discretionary,"Bethesda, Maryland",0001048286,"1927
"
MMC,Marsh & McLennan,Financials,"New York, New York","0000062709
","
"
MLM,Martin Marietta Materials,Materials,"Raleigh, North Carolina","0000916076
","
"
MAS,Masco Corp.,Industrials,"Taylor, Michigan","0000062996
","
"
MA,Mastercard Inc.,Information Technology,"Harrison, New York","0001141391
","
"
MAT,Mattel Inc.,Consumer Discretionary,"El Segundo, California","0000063276
","
"
MKC,McCormick & Co.,Consumer Staples,"Sparks, Maryland",0000063754,"1889
"
MCD,McDonald's Corp.,Consumer Discretionary,"Chicago, Illinois",0000063908,"1940
"
MCK,McKesson Corp.,Health Care,"San Francisco, California",0000927653,"1833
"
MDT,Medtronic plc,Health Care,,"0000064670
","
"
MRK,Merck & Co.,Health Care,"Whitehouse Station, New Jersey",0000310158,"1891
"
MET,MetLife Inc.,Financials,"New York, New York",0001099219,"1868
"
MTD,Mettler Toledo,Health Care,"Columbus, Ohio","0001037646
","
"
MGM,MGM Resorts International,Consumer Discretionary,"Paradise, Nevada","0000789570
","
"
KORS,Michael Kors Holdings,Consumer Discretionary,"New York, New York","0001530721
","
"
MCHP,Microchip Technology,Information Technology,"Chandler, Arizona","0000827054
","
"
MU,Micron Technology,Information Technology,"Boise, Idaho","0000723125
","
"
MSFT,Microsoft Corp.,Information Technology,"Redmond, Washington","0000789019
","
"
MAA,Mid-America Apartments,Real Estate,"Memphis, Tennessee","0000912595
","
"
MHK,Mohawk Industries,Consumer Discretionary,"Amsterdam, New York","0000851968
","
"
TAP,Molson Coors Brewing Company,Consumer Staples,"Denver, Colorado","0000024545
","
"
MDLZ,Mondelez International,Consumer Staples,"Northfield, Illinois","0001103982
","
"
MNST,Monster Beverage,Consumer Staples,"Corona, California","0000865752
","
"
MCO,Moody's Corp,Financials,"New York, New York",0001059556,"1909
"
MS,Morgan Stanley,Financials,"New York, New York",0000895421,"1935
"
MSI,Motorola Solutions Inc.,Information Technology,"Schaumburg, Illinois",0000068505,"1928 (2011)
"
MSCI,MSCI Inc,Financials,"New York, New York","0001408198
","
"
MYL,Mylan N.V.,Health Care,,"0000069499
","
"
NDAQ,"Nasdaq, Inc.",Financials,"New York, New York","0001120193
","
"
NOV,National Oilwell Varco Inc.,Energy,"Houston, Texas","0001021860
","
"
NKTR,Nektar Therapeutics,Health Care,"San Francisco, California","0000906709
","
"
NTAP,NetApp,Information Technology,"Sunnyvale, California","0001002047
","
"
NFLX,Netflix Inc.,Information Technology,"Los Gatos, California","0001065280
","
"
NWL,Newell Brands,Consumer Discretionary,"Sandy Springs, Georgia","0000814453
","
"
NFX,Newfield Exploration Co,Energy,"Houston, Texas","0000912750
","
"
NEM,Newmont Mining Corporation,Materials,"Denver, Colorado",0001164727,"1921
"
NWSA,News Corp. Class A,Consumer Discretionary,"New York, New York","0001564708
","
"
NWS,News Corp. Class B,Consumer Discretionary,"New York, New York","0001564708
","
"
NEE,NextEra Energy,Utilities,"Juno Beach, Florida","0000753308
","
"
NLSN,Nielsen Holdings,Industrials,"New York, New York","0001492633
","
"
NKE,Nike,Consumer Discretionary,"Washington County, Oregon","0000320187
","
"
NI,NiSource Inc.,Utilities,"Merrillville, Indiana",0001111711,"1912
"
NBL,Noble Energy Inc,Energy,"Houston, Texas","0000072207
","
"
JWN,Nordstrom,Consumer Discretionary,"Seattle, Washington","0000072333
","
"
NSC,Norfolk Southern Corp.,Industrials,"Norfolk, Virginia",0000702165,"1881/1894 (1980)
"
NTRS,Northern Trust Corp.,Financials,"Chicago, Illinois",0000073124,"1889
"
NOC,Northrop Grumman Corp.,Industrials,"West Falls Church, Virginia","0001133421
","
"
NCLH,Norwegian Cruise Line,Consumer Discretionary,"Miami, Florida","0001513761
","
"
NRG,NRG Energy,Utilities,"Princeton, New Jersey","0001013871
","
"
NUE,Nucor Corp.,Materials,"Charlotte, North Carolina","0000073309
","
"
NVDA,Nvidia Corporation,Information Technology,"Santa Clara, California","0001045810
","
"
ORLY,O'Reilly Automotive,Consumer Discretionary,"Springfield, Missouri","0000898173
","
"
OXY,Occidental Petroleum,Energy,"Los Angeles, California","0000797468
","
"
OMC,Omnicom Group,Consumer Discretionary,"New York, New York",0000029989,"1986
"
OKE,ONEOK,Energy,"Tulsa, Oklahoma","0001039684
","
"
ORCL,Oracle Corp.,Information Technology,"Redwood Shores, California","0001341439
","
"
PCAR,PACCAR Inc.,Industrials,"Bellevue, Washington","0000075362
","
"
PKG,Packaging Corporation of America,Materials,"Lake Forest, Illinois","0000075677
","
"
PH,Parker-Hannifin,Industrials,"Cleveland, Ohio","0000076334
","
"
PAYX,Paychex Inc.,Information Technology,"Penfield, New York",0000723531,"1971
"
PYPL,PayPal,Information Technology,"San Jose, California","0001633917
","
"
PNR,Pentair plc,Industrials,"Worsley, UK","0000077360
","
"
PBCT,People's United Financial,Financials,"Bridgeport, Connecticut","0001378946
","
"
PEP,PepsiCo Inc.,Consumer Staples,"Purchase, New York",0000077476,"1898
"
PKI,PerkinElmer,Health Care,"Waltham, Massachusetts","0000031791
","
"
PRGO,Perrigo,Health Care,"Dublin, Ireland","0001585364
","
"
PFE,Pfizer Inc.,Health Care,"New York, New York",0000078003,"1849
"
PCG,PG&E Corp.,Utilities,"San Francisco, California",0001004980,"1905
"
PM,Philip Morris International,Consumer Staples,"New York, New York","0001413329
","
"
PSX,Phillips 66,Energy,"Houston, Texas","0001534701
","
"
PNW,Pinnacle West Capital,Utilities,"Phoenix, Arizona",0000764622,"1985
"
PXD,Pioneer Natural Resources,Energy,"Irving, Texas","0001038357
","
"
PNC,PNC Financial Services,Financials,"Pittsburgh, Pennsylvania","0000713676
","
"
RL,Polo Ralph Lauren Corp.,Consumer Discretionary,"New York, New York","0001037038
","
"
PPG,PPG Industries,Materials,"Pittsburgh, Pennsylvania",0000079879,"1883
"
PPL,PPL Corp.,Utilities,"Allentown, Pennsylvania","0000922224
","
"
PX,Praxair Inc.,Materials,"Danbury, Connecticut","0000884905
","
"
PFG,Principal Financial Group,Financials,"Des Moines, Iowa","0001126328
","
"
PG,Procter & Gamble,Consumer Staples,"Cincinnati, Ohio",0000080424,"1837
"
PGR,Progressive Corp.,Financials,"Mayfield Village, Ohio","0000080661
","
"
PLD,Prologis,Real Estate,"San Francisco, California","0001045609
","
"
PRU,Prudential Financial,Financials,"Newark, New Jersey","0001137774
","
"
PEG,Public Serv. Enterprise Inc.,Utilities,"Newark, New Jersey","0000788784
","
"
PSA,Public Storage,Real Estate,"Glendale, California","0001393311
","
"
PHM,Pulte Homes Inc.,Consumer Discretionary,"Atlanta, Georgia","0000822416
","
"
PVH,PVH Corp.,Consumer Discretionary,"New York, New York","0000078239
","
"
QRVO,Qorvo,Information Technology,"Greensboro, North Carolina","0001604778
","
"
QCOM,QUALCOMM Inc.,Information Technology,"San Diego, California",0000804328,"1985
"
PWR,Quanta Services Inc.,Industrials,"Houston, Texas","0001050915
","
"
DGX,Quest Diagnostics,Health Care,"Madison, New Jersey","0001022079
","
"
RJF,Raymond James Financial Inc.,Financials,"St. Petersburg, Florida","0000720005
","
"
RTN,Raytheon Co.,Industrials,"Waltham, Massachusetts",0001047122,"1922
"
O,Realty Income Corporation,Real Estate,"San Diego, California","0000726728
","
"
RHT,Red Hat Inc.,Information Technology,"Raleigh, North Carolina","0001087423
","
"
REG,Regency Centers Corporation,Real Estate,"Jacksonville, Florida","0000910606
","
"
REGN,Regeneron,Health Care,"Tarrytown, New York","0000872589
","
"
RF,Regions Financial Corp.,Financials,"Birmingham, Alabama","0001281761
","
"
RSG,Republic Services Inc,Industrials,"Phoenix, Arizona","0001060391
","
"
RMD,ResMed,Health Care,"San Diego, California","0000943819
","
"
RHI,Robert Half International,Industrials,"Menlo Park, California","0000315213
","
"
ROK,Rockwell Automation Inc.,Industrials,"Milwaukee, Wisconsin","0001024478
","
"
COL,Rockwell Collins,Industrials,"Cedar Rapids, Iowa","0001137411
","
"
ROP,Roper Technologies,Industrials,"Sarasota, Florida","0000882835
","
"
ROST,Ross Stores,Consumer Discretionary,"Pleasanton, California","0000745732
","
"
RCL,Royal Caribbean Cruises Ltd,Consumer Discretionary,"Miami, Florida","0000884887
","
"
SPGI,"S&P Global, Inc.",Financials,"New York, New York","0000064040
","
"
CRM,Salesforce.com,Information Technology,"San Francisco, California","0001108524
","
"
SBAC,SBA Communications,Real Estate,"Boca Raton, Florida","0001034054
","
"
SCG,SCANA Corp,Utilities,"Cayce, South Carolina","0000754737
","
"
SLB,Schlumberger Ltd.,Energy,,0000087347,"1926
"
STX,Seagate Technology,Information Technology,"Dublin, Ireland","0001137789
","
"
SEE,Sealed Air,Materials,"Elmwood Park, New Jersey","0001012100
","
"
SRE,Sempra Energy,Utilities,"San Diego, California","0001032208
","
"
SHW,Sherwin-Williams,Materials,"Cleveland, Ohio",0000089800,"1866
"
SPG,Simon Property Group Inc,Real Estate,"Indianapolis, Indiana","0001063761
","
"
SWKS,Skyworks Solutions,Information Technology,"Woburn, Massachusetts","0000004127
","
"
SLG,SL Green Realty,Real Estate,"New York, New York","0001040971
","
"
SNA,Snap-On Inc.,Consumer Discretionary,"Kenosha, Wisconsin","0000091440
","
"
SO,Southern Co.,Utilities,"Atlanta, Georgia","0000092122
","
"
LUV,Southwest Airlines,Industrials,"Dallas, Texas","0000092380
","
"
SWK,Stanley Black & Decker,Consumer Discretionary,"New Britain, Connecticut","0000093556
","
"
SBUX,Starbucks Corp.,Consumer Discretionary,"Seattle, Washington",0000829224,"1971
"
STT,State Street Corp.,Financials,"Boston, Massachusetts","0000093751
","
"
SRCL,Stericycle Inc,Industrials,"Lake Forest, Illinois","0000861878
","
"
SYK,Stryker Corp.,Health Care,"Kalamazoo, Michigan","0000310764
","
"
STI,SunTrust Banks,Financials,"Atlanta, Georgia","0000750556
","
"
SIVB,SVB Financial,Financials,"Santa Clara, California","0000719739
","
"
SYMC,Symantec Corp.,Information Technology,"Mountain View, California","0000849399
","
"
SYF,Synchrony Financial,Financials,"Stamford, Connecticut","0001601712
","
"
SNPS,Synopsys Inc.,Information Technology,"Mountain View, California","0000883241
","
"
SYY,Sysco Corp.,Consumer Staples,"Houston, Texas","0000096021
","
"
TROW,T. Rowe Price Group,Financials,"Baltimore, Maryland",0001113169,"1937
"
TTWO,Take-Two Interactive,Information Technology,"New York, New York","0000946581
","
"
TPR,"Tapestry, Inc.",Consumer Discretionary,"New York, New York",0001116132,"2017
"
TGT,Target Corp.,Consumer Discretionary,"Minneapolis, Minnesota","0000027419
","
"
TEL,TE Connectivity Ltd.,Information Technology,"Schaffhausen, Switzerland","0001385157
","
"
FTI,TechnipFMC,Energy,,"0001681459
","
"
TXN,Texas Instruments,Information Technology,"Dallas, Texas",0000097476,"1930
"
TXT,Textron Inc.,Industrials,"Providence, Rhode Island","0000217346
","
"
BK,The Bank of New York Mellon Corp.,Financials,"New York, New York","0001390777
","
"
CLX,The Clorox Company,Consumer Staples,"Oakland, California",0000021076,"1913
"
COO,The Cooper Companies,Health Care,"Pleasanton, California","0000711404
","
"
HSY,The Hershey Company,Consumer Staples,"Hershey, Pennsylvania",0000047111,"1894
"
MOS,The Mosaic Company,Materials,"Plymouth, Minnesota","0001285785
","
"
TRV,The Travelers Companies Inc.,Financials,"New York, New York","0000086312
","
"
DIS,The Walt Disney Company,Consumer Discretionary,"Burbank, California","0001001039
","
"
TMO,Thermo Fisher Scientific,Health Care,"Waltham, Massachusetts",0000097745,"2006
"
TIF,Tiffany & Co.,Consumer Discretionary,"New York, New York","0000098246
","
"
TJX,TJX Companies Inc.,Consumer Discretionary,"Framingham, Massachusetts","0000109198
","
"
TMK,Torchmark Corp.,Financials,"McKinney, Texas","0000320335
","
"
TSS,Total System Services,Information Technology,"Columbus, Georgia","0000721683
","
"
TSCO,Tractor Supply Company,Consumer Discretionary,"Brentwood, Tennessee","0000916365
","
"
TDG,TransDigm Group,Industrials,"Cleveland, Ohio","0001260221
","
"
TRIP,TripAdvisor,Consumer Discretionary,"Newton, Massachusetts","0001526520
","
"
FOXA,Twenty-First Century Fox Class A,Consumer Discretionary,"New York, New York","0001308161
","
"
FOX,Twenty-First Century Fox Class B,Consumer Discretionary,"New York, New York","0001308161
","
"
TWTR,"Twitter, Inc.",Information Technology,"San Francisco, California","0001418091
","2006
"
TSN,Tyson Foods,Consumer Staples,"Springdale, Arkansas","0000100493
","
"
USB,U.S. Bancorp,Financials,"Minneapolis, Minnesota",0000036104,"1968
"
UDR,UDR Inc,Real Estate,"Highlands Ranch, Colorado","0000074208
","
"
ULTA,Ulta Beauty,Consumer Discretionary,"Bolingbrook, Illinois","0001403568
","
"
UAA,Under Armour Class A,Consumer Discretionary,"Baltimore, Maryland","0001336917
","
"
UA,Under Armour Class C,Consumer Discretionary,"Baltimore, Maryland","0001336917
","
"
UNP,Union Pacific,Industrials,"Omaha, Nebraska","0000100885
","
"
UAL,United Continental Holdings,Industrials,"Chicago, Illinois","0000100517
","
"
UNH,United Health Group Inc.,Health Care,"Minnetonka, Minnesota","0000731766
","
"
UPS,United Parcel Service,Industrials,"Atlanta, Georgia","0001090727
","
"
URI,"United Rentals, Inc.",Industrials,"Stamford, Connecticut","0001067701
","
"
UTX,United Technologies,Industrials,"Hartford, Connecticut","0000101829
","
"
UHS,"Universal Health Services, Inc.",Health Care,"King of Prussia, Pennsylvania","0000352915
","
"
UNM,Unum Group,Financials,"Chattanooga, Tennessee","0000005513
","
"
VFC,V.F. Corp.,Consumer Discretionary,"Greensboro, North Carolina","0000103379
","
"
VLO,Valero Energy,Energy,"San Antonio, Texas",0001035002,"1980
"
VAR,Varian Medical Systems,Health Care,"Palo Alto, California","0000203527
","
"
VTR,Ventas Inc,Real Estate,"Chicago, Illinois","0000740260
","
"
VRSN,Verisign Inc.,Information Technology,"Dulles, Virginia","0001014473
","
"
VRSK,Verisk Analytics,Industrials,"Jersey City, New Jersey","0001442145
","
"
VZ,Verizon Communications,Telecommunication Services,"New York, New York","0000732712
","
"
VRTX,Vertex Pharmaceuticals Inc,Health Care,"Cambridge, Massachusetts","0000875320
","
"
VIAB,Viacom Inc.,Consumer Discretionary,"New York, New York","0001339947
","
"
V,Visa Inc.,Information Technology,"San Francisco, California","0001403161
","
"
VNO,Vornado Realty Trust,Real Estate,"New York, New York","0000899689
","
"
VMC,Vulcan Materials,Materials,"Birmingham, Alabama","0001396009
","
"
WBA,Walgreens Boots Alliance,Consumer Staples,"Deerfield, Illinois","0001618921
","
"
WMT,Walmart,Consumer Staples,"Bentonville, Arkansas","0000104169
","
"
WM,Waste Management Inc.,Industrials,"Houston, Texas",0000823768,"1968
"
WAT,Waters Corporation,Health Care,"Milford, Massachusetts",0001000697,"1958
"
WEC,Wec Energy Group Inc,Utilities,"Milwaukee, Wisconsin","0000783325
","
"
WFC,Wells Fargo,Financials,"San Francisco, California","0000072971
","
"
WELL,Welltower Inc.,Real Estate,"Toledo, Ohio","0000766704
","
"
WDC,Western Digital,Information Technology,"Irvine, California","0000106040
","
"
WU,Western Union Co,Information Technology,"Englewood, Colorado",0001365135,"1851
"
WRK,WestRock,Materials,"Richmond, Virginia","0001636023
","
"
WY,Weyerhaeuser,Real Estate,"Federal Way, Washington","0000106535
","
"
WHR,Whirlpool Corp.,Consumer Discretionary,"Benton Harbor, Michigan",0000106640,"1911
"
WMB,Williams Cos.,Energy,"Tulsa, Oklahoma","0000107263
","
"
WLTW,Willis Towers Watson,Financials,"London, United Kingdom","0001140536
","
"
WYNN,Wynn Resorts Ltd,Consumer Discretionary,"Paradise, Nevada","0001174922
","
"
XEL,Xcel Energy Inc,Utilities,"Minneapolis, Minnesota",0000072903,"1909
"
XRX,Xerox,Information Technology,"Norwalk, Connecticut",0000108772,"1906
"
XLNX,Xilinx,Information Technology,"San Jose, California","0000743988
","
"
XL,XL Group,Financials,"Hamilton, Bermuda",0000875159,"1998
"
XYL,Xylem Inc.,Industrials,"White Plains, New York","0001524472
","
"
YUM,Yum! Brands Inc,Consumer Discretionary,"Louisville, Kentucky","0001041061
","
"
ZBH,Zimmer Biomet Holdings,Health Care,"Warsaw, Indiana","0001136869
","
"
ZION,Zions Bancorp,Financials,"Salt Lake City, Utah","0000109380
","
"
ZTS,Zoetis,Health Care,"Florham Park, New Jersey","0001555280
","
"
